{
  "random_forest": {
    "soh": {
      "rmse": 0.02616049682241124,
      "mae": 0.02007738794859804,
      "r2": 0.9015443932817067
    },
    "rul": {
      "rmse": 31.49749683480346,
      "mae": 22.70408417266657,
      "r2": 0.7314188923064813
    },
    "risk": {
      "precision_macro": 0.8337112622826908,
      "recall_macro": 0.7745437745437745,
      "f1_macro": 0.7722723302959338,
      "f1_per_class": [
        0.6779661016949152,
        0.6976744186046512,
        0.9411764705882353
      ],
      "confusion": [
        [
          20,
          19,
          0
        ],
        [
          0,
          30,
          7
        ],
        [
          0,
          0,
          56
        ]
      ]
    }
  }
}